股票代码,股票名称,交易所,来源指数,分红次数
000429,粤高速A,深市主板,中证红利,52
600295,鄂尔多斯,沪市主板,中证红利,49
600028,中国石化,沪市主板,中证红利,48
000596,古井贡酒,深市主板,红利增长,43
000513,丽珠集团,深市主板,红利质量,37
601318,中国平安,沪市主板,"中证红利, 红利质量",37
601857,中国石油,沪市主板,"中证红利, 红利增长",36
600188,兖矿能源,沪市主板,中证红利,34
600016,民生银行,沪市主板,中证红利,32
000895,双汇发展,深市主板,"中证红利, 中证红利质量",32
000651,格力电器,深市主板,"中证红利, 红利质量",31
600177,雅戈尔,沪市主板,中证红利,31
600600,青岛啤酒,沪市主板,红利增长,31
000568,泸州老窖,深市主板,红利增长,30
600690,海尔智家,沪市主板,红利增长,30
600750,江中药业,沪市主板,红利质量,30
600519,贵州茅台,沪市主板,"中证红利质量, 红利增长",29
000423,东阿阿胶,深市主板,"中证红利质量, 红利质量",28
000543,皖能电力,深市主板,中证红利质量,28
600153,建发股份,沪市主板,中证红利,28
000786,北新建材,深市主板,红利增长,28
600729,重庆百货,沪市主板,中证红利,28
600323,瀚蓝环境,沪市主板,"红利增长, 红利质量",27
000157,中联重科,深市主板,中证红利,27
000729,燕京啤酒,深市主板,红利增长,27
600660,福耀玻璃,沪市主板,"中证红利质量, 红利质量",26
002555,三七互娱,深市主板,中证红利质量,26
600210,紫江企业,沪市主板,"中证红利质量, 红利增长",26
000563,陕国投A,深市主板,红利增长,26
600761,安徽合力,沪市主板,红利增长,26
600273,嘉化能源,沪市主板,中证红利,26
000933,神火股份,深市主板,"中证红利, 红利质量",26
000983,山西焦煤,深市主板,中证红利,26
600362,江西铜业,沪市主板,红利增长,25
600015,华夏银行,沪市主板,"中证红利, 红利增长",25
600377,宁沪高速,沪市主板,红利增长,25
000090,天健集团,深市主板,中证红利,25
600012,皖通高速,沪市主板,"中证红利, 红利增长",24
000858,五粮液,深市主板,红利增长,24
600585,海螺水泥,沪市主板,中证红利,24
002601,龙佰集团,深市主板,中证红利,24
600549,厦门钨业,沪市主板,红利增长,24
600741,华域汽车,沪市主板,中证红利,24
600036,招商银行,沪市主板,"中证红利, 红利增长",24
000400,许继电气,深市主板,红利增长,24
600436,片仔癀,沪市主板,红利增长,24
600755,厦门国贸,沪市主板,中证红利,24
600282,南钢股份,沪市主板,中证红利,24
600123,兰花科创,沪市主板,中证红利,23
600285,羚锐制药,沪市主板,中证红利质量,23
600406,国电南瑞,沪市主板,红利增长,23
600350,山东高速,沪市主板,中证红利,23
000988,华工科技,深市主板,红利增长,23
600300,维维股份,沪市主板,中证红利质量,23
600064,南京高科,沪市主板,中证红利,23
600398,海澜之家,沪市主板,中证红利,23
600993,马应龙,沪市主板,红利增长,22
601328,交通银行,沪市主板,中证红利,22
600284,浦东建设,沪市主板,红利增长,22
000999,华润三九,深市主板,红利增长,22
600985,淮北矿业,沪市主板,中证红利,21
002028,思源电气,深市主板,红利增长,21
600351,亚宝药业,沪市主板,中证红利质量,21
000807,云铝股份,深市主板,中证红利质量,21
601899,紫金矿业,沪市主板,红利增长,21
000975,山金国际,深市主板,中证红利质量,20
601939,建设银行,沪市主板,中证红利,20
601988,中国银行,沪市主板,中证红利,20
600582,天地科技,沪市主板,红利增长,20
002043,兔宝宝,深市主板,中证红利,20
600997,开滦股份,沪市主板,中证红利,20
600461,洪城环境,沪市主板,中证红利,20
600373,中文传媒,沪市主板,中证红利,20
601006,大秦铁路,沪市主板,中证红利,20
002117,东港股份,深市主板,中证红利质量,20
600502,安徽建工,沪市主板,中证红利,20
002233,塔牌集团,深市主板,"中证红利, 中证红利质量",20
002154,报喜鸟,深市主板,中证红利,20
601398,工商银行,沪市主板,中证红利,20
601601,中国太保,沪市主板,"中证红利质量, 红利质量",19
002540,亚太科技,深市主板,中证红利,19
600096,云天化,沪市主板,"中证红利, 中证红利质量, 红利质量",19
601169,北京银行,沪市主板,中证红利,19
600737,中粮糖业,沪市主板,中证红利,19
002078,太阳纸业,深市主板,红利增长,19
600348,华阳股份,沪市主板,中证红利,19
601088,中国神华,沪市主板,"中证红利, 中证红利质量",19
002267,陕天然气,深市主板,中证红利,19
600873,梅花生物,沪市主板,"中证红利质量, 红利质量",19
601009,南京银行,沪市主板,中证红利,19
002096,易普力,深市主板,红利增长,19
601166,兴业银行,沪市主板,中证红利,19
002046,国机精工,深市主板,红利增长,19
002353,杰瑞股份,深市主板,红利增长,18
601928,凤凰传媒,沪市主板,中证红利,18
002056,横店东磁,深市主板,红利质量,18
002179,中航光电,深市主板,红利增长,18
601998,中信银行,沪市主板,中证红利,18
600562,国睿科技,沪市主板,红利增长,18
002158,汉钟精机,深市主板,红利增长,18
601168,西部矿业,沪市主板,中证红利,17
300033,同花顺,深市创业板,红利质量,17
601008,连云港,沪市主板,红利增长,17
002409,雅克科技,深市主板,红利增长,17
601699,潞安环能,沪市主板,中证红利,17
002415,海康威视,深市主板,红利质量,17
600971,恒源煤电,沪市主板,中证红利,17
002262,恩华药业,深市主板,红利增长,17
300346,南大光电,深市创业板,红利增长,17
300009,安科生物,深市创业板,中证红利质量,17
002017,东信和平,深市主板,红利增长,17
601000,唐山港,沪市主板,"中证红利, 中证红利质量",16
002532,天山铝业,深市主板,中证红利质量,16
601668,中国建筑,沪市主板,中证红利,16
601288,农业银行,沪市主板,中证红利,16
300015,爱尔眼科,深市创业板,红利增长,16
601958,金钼股份,沪市主板,中证红利质量,16
601098,中南传媒,沪市主板,中证红利,16
002318,久立特材,深市主板,红利增长,16
600039,四川路桥,沪市主板,中证红利,16
601818,光大银行,沪市主板,中证红利,16
000915,华特达因,深市主板,中证红利质量,16
600256,广汇能源,沪市主板,中证红利,16
600757,长江传媒,沪市主板,中证红利,16
000404,长虹华意,深市主板,红利增长,15
002563,森马服饰,深市主板,中证红利,15
601717,中创智领,沪市主板,"中证红利, 中证红利质量, 红利增长",15
601666,平煤股份,沪市主板,中证红利,15
601101,昊华能源,沪市主板,中证红利,15
300373,扬杰科技,深市创业板,红利质量,15
600546,山煤国际,沪市主板,中证红利,15
601336,新华保险,沪市主板,红利质量,15
002572,索菲亚,深市主板,中证红利,15
300127,银河磁体,深市创业板,中证红利质量,15
000672,上峰水泥,深市主板,中证红利,14
601225,陕西煤业,沪市主板,中证红利,14
601216,君正集团,沪市主板,中证红利,14
002371,北方华创,深市主板,红利增长,14
600057,厦门象屿,沪市主板,中证红利,13
002690,美亚光电,深市主板,中证红利质量,13
300384,三联虹普,深市创业板,红利增长,13
603444,吉比特,沪市主板,红利质量,13
603040,新坐标,沪市主板,"中证红利质量, 红利质量",13
300628,亿联网络,深市创业板,中证红利质量,12
601001,晋控煤业,沪市主板,中证红利,12
002756,永兴材料,深市主板,中证红利,12
603508,思维列控,沪市主板,中证红利质量,12
000333,美的集团,深市主板,中证红利质量,12
002867,周大生,深市主板,"中证红利, 中证红利质量",12
601900,南方传媒,沪市主板,红利质量,11
002737,葵花药业,深市主板,中证红利,11
002416,爱施德,深市主板,中证红利,11
601598,中国外运,沪市主板,中证红利,10
300092,科新机电,深市创业板,红利增长,10
300750,宁德时代,深市创业板,红利质量,10
603611,诺力股份,沪市主板,红利质量,10
603929,亚翔集成,沪市主板,红利质量,10
600919,江苏银行,沪市主板,中证红利,10
601919,中远海控,沪市主板,中证红利,10
603367,辰欣药业,沪市主板,红利质量,10
601229,上海银行,沪市主板,中证红利,10
601997,贵阳银行,沪市主板,中证红利,9
603203,快克智能,沪市主板,中证红利质量,9
603871,嘉友国际,沪市主板,中证红利质量,9
603233,大参林,沪市主板,红利质量,9
603816,顾家家居,沪市主板,"中证红利质量, 红利质量",9
603259,药明康德,沪市主板,"中证红利质量, 红利质量",9
001206,依依股份,深市主板,中证红利质量,9
002850,科达利,深市主板,红利增长,9
000408,藏格矿业,深市主板,中证红利,9
601019,山东出版,沪市主板,中证红利,9
603833,欧派家居,沪市主板,红利质量,8
600901,江苏金租,沪市主板,中证红利,8
603380,易德龙,沪市主板,"中证红利质量, 红利质量",8
002895,川恒股份,深市主板,中证红利质量,8
002192,融捷股份,深市主板,红利质量,8
300705,九典制药,深市创业板,红利增长,8
601838,成都银行,沪市主板,中证红利,8
301061,匠心家居,其他,中证红利质量,8
300693,盛弘股份,深市创业板,红利质量,8
300684,中石科技,深市创业板,中证红利质量,8
603129,春风动力,沪市主板,红利质量,8
688200,华峰测控,沪市科创板,红利质量,7
601825,沪农商行,沪市主板,中证红利,7
605028,世茂能源,沪市主板,中证红利质量,7
603565,中谷物流,沪市主板,"中证红利, 中证红利质量",7
600938,中国海油,沪市主板,"中证红利, 中证红利质量, 红利质量",7
688188,柏楚电子,沪市科创板,红利质量,7
603967,中创物流,沪市主板,中证红利,7
603317,天味食品,沪市主板,中证红利质量,7
603529,爱玛科技,沪市主板,红利质量,7
601658,邮储银行,沪市主板,中证红利,7
605499,东鹏饮料,沪市主板,红利质量,7
601077,渝农商行,沪市主板,中证红利,7
605118,力鼎光电,沪市主板,中证红利质量,7
603706,东方环宇,沪市主板,中证红利,7
603893,瑞芯微,沪市主板,红利质量,7
002959,小熊电器,深市主板,红利质量,6
603379,三美股份,沪市主板,红利质量,6
688025,杰普特,沪市科创板,红利质量,6
603486,科沃斯,沪市主板,红利质量,6
601187,厦门银行,沪市主板,中证红利,6
603195,公牛集团,沪市主板,中证红利质量,6
688111,金山办公,沪市科创板,红利质量,6
301031,中熔电气,其他,红利质量,6
601963,重庆银行,沪市主板,中证红利,6
688819,天能股份,沪市科创板,红利质量,5
688513,苑东生物,沪市科创板,红利质量,5
300957,贝泰妮,深市创业板,红利质量,5
601916,浙商银行,沪市主板,中证红利,5
605099,共创草坪,沪市主板,"中证红利质量, 红利质量",5
300841,康华生物,深市创业板,红利质量,5
301109,军信股份,其他,中证红利,4
605599,菜百股份,沪市主板,中证红利质量,4
688799,华纳药厂,沪市科创板,红利质量,4
001338,永顺泰,深市主板,中证红利质量,3
920509,同惠电子,北交所,中证红利质量,0
920599,同力股份,北交所,中证红利,0
920735,德源药业,北交所,红利质量,0
